"name","email","mobile"
"parita","paritag@gmail.com","7874842288"
"krishna","krishna@gmail.com","9537816696"
"shiv","shiv@gmail.com","6355849988"
"radha","paritag@gmail.com","7874842285"
"parita","paritag@gmail.com","9099195588"
"parita","paritag15644@gmail.com","953781669622222222222222222222"
"parita","pariganatra11111111123552@gmail.com","95378166978"
"jiyani","jiyani@gmail.com","258-741-3694"
"likhita","likhita@gmail.com","225-893-1478"
"lucky","lucky@gmail.com","258-741-9635"
"lucky","lucky45@gmail.com","666-932-5874"
"nasib","nasib@gmail.com","321-123-6544"
"takdir","takdir@gmail.com","987-989-6162"
"priya","priya@gmail.com","202-036-9444"
"ravi","ravi@gmail.com","125-874-6944"
"Admin","admin@admin.com","1234567890"
"dom","dom@gmail.com","258-147-5855"
"ppppppppp","pppppppppppp","142-536-6352"